rank,discipline,sex,yrs_since_phd,yrs_service,salary
AssocProf,A,Male,35.0,25.0,83038.03329764202
Prof,B,Female,0.0,0.0,118933.63768173032
Prof,A,Male,17.0,13.0,110594.11461578282
AsstProf,A,Male,22.0,15.0,51582.69219089444
AsstProf,A,Male,17.0,19.0,93372.83453626235
Prof,B,Male,13.0,13.0,133419.09671973667
AsstProf,B,Male,19.0,8.0,62381.68396133143
Prof,B,Female,20.0,15.0,128273.04343941416
Prof,A,Male,19.0,10.0,125123.93037247022
AssocProf,B,Male,3.0,0.0,86389.39739823726
AsstProf,B,Male,19.0,9.0,114685.06212472715
AsstProf,B,Male,12.0,5.0,104741.74403730145
AsstProf,B,Male,15.0,0.0,74292.48375912258
AssocProf,A,Male,22.0,12.0,66274.75099167928
AssocProf,A,Male,26.0,21.0,42572.254926428635
AssocProf,B,Male,28.0,17.0,87090.15369200999
Prof,B,Male,16.0,7.0,128878.37907183406
Prof,A,Male,28.0,25.0,158422.6915271427
AssocProf,B,Male,31.0,24.0,82556.35187577305
Prof,A,Male,30.0,24.0,73601.45714828039
AsstProf,B,Female,33.0,36.0,67782.44323931794
AsstProf,B,Female,19.0,13.0,85662.28580745132
AssocProf,A,Male,18.0,12.0,43191.72473332953
AsstProf,B,Male,27.0,22.0,64070.261687071776
AsstProf,A,Male,8.0,9.0,55458.555451894135
AssocProf,B,Male,22.0,17.0,85632.60942038102
AssocProf,A,Female,15.0,8.0,66983.84379817889
Prof,A,Female,17.0,9.0,99513.81522595516
AssocProf,B,Female,4.0,3.0,94818.26222091222
AssocProf,A,Female,12.0,2.0,61566.52590855826
AssocProf,B,Male,20.0,19.0,68492.44081858813
AsstProf,A,Male,28.0,22.0,41366.27134487688
AsstProf,B,Male,29.0,15.0,69931.71665188648
AsstProf,B,Male,19.0,16.0,90131.88872593277
Prof,B,Female,18.0,14.0,98522.20714639245
AsstProf,A,Female,13.0,0.0,71478.87349659321
AssocProf,A,Male,24.0,19.0,78479.05041894787
AsstProf,B,Male,18.0,13.0,72532.04507169142
Prof,B,Female,25.0,17.0,134156.22933128933
AsstProf,A,Male,36.0,24.0,49297.707795107344
AsstProf,B,Female,20.0,24.0,102465.00223932539
Prof,A,Male,7.0,4.0,128738.90604984977
AssocProf,A,Male,12.0,10.0,67878.98349729973
Prof,B,Female,7.0,6.0,94168.58052151348
AssocProf,A,Male,9.0,6.0,45172.677921452836
Prof,A,Male,32.0,29.0,127500.65511476417
AsstProf,B,Male,22.0,13.0,112236.17962501664
AssocProf,B,Female,6.0,4.0,86539.07791973003
AssocProf,B,Male,26.0,18.0,103531.74081264256
Prof,B,Female,31.0,22.0,119620.28933841227
AssocProf,A,Male,17.0,14.0,60911.03118100371
AssocProf,B,Female,14.0,6.0,84420.66226413955
AsstProf,B,Female,17.0,2.0,95495.74156722998
AssocProf,B,Female,23.0,14.0,57721.42737199145
AsstProf,B,Male,26.0,22.0,96092.0031656893
AsstProf,A,Female,31.0,24.0,94405.83959860231
Prof,B,Male,31.0,29.0,102722.76732088067
AssocProf,A,Male,31.0,23.0,42883.88591732265
Prof,B,Male,32.0,21.0,134070.08206311715
AssocProf,A,Female,26.0,23.0,56702.38568997586
AssocProf,A,Male,6.0,0.0,22645.065713238117
AssocProf,B,Male,19.0,6.0,97754.50328845653
AssocProf,A,Male,23.0,19.0,67840.69950421852
AsstProf,A,Male,17.0,9.0,58140.354039458834
AssocProf,B,Male,28.0,26.0,116321.99726879325
AsstProf,A,Female,17.0,14.0,70620.27653023387
AssocProf,B,Female,12.0,8.0,68838.25891450638
AsstProf,B,Male,33.0,15.0,87980.73261780624
Prof,A,Female,26.0,21.0,95718.75318624394
AsstProf,B,Female,22.0,18.0,69089.2780672666
AssocProf,A,Male,28.0,24.0,72194.53043825332
AsstProf,A,Female,30.0,24.0,60104.43228817946
Prof,B,Female,23.0,13.0,122602.4666685358
AssocProf,B,Male,0.0,0.0,106241.00749513406
AsstProf,B,Male,14.0,0.0,98953.67809735492
Prof,B,Female,16.0,8.0,143930.86476192277
Prof,B,Male,11.0,0.0,136438.70063956792
Prof,B,Female,22.0,14.0,138435.6281110355
AssocProf,A,Female,31.0,21.0,98258.52818032855
AsstProf,A,Male,16.0,16.0,62488.172252447104
AsstProf,A,Male,10.0,4.0,98879.25424819603
Prof,A,Male,38.0,31.0,94954.76997667844
AssocProf,A,Female,16.0,10.0,64929.32162101759
AsstProf,B,Female,9.0,13.0,53625.26549523402
Prof,A,Female,22.0,11.0,110972.08564552703
AssocProf,A,Female,24.0,19.0,78691.96379317925
AssocProf,A,Female,14.0,9.0,95082.4440060533
AssocProf,B,Female,27.0,21.0,72020.10431245572
AssocProf,B,Male,16.0,10.0,79815.48052478372
AsstProf,B,Female,12.0,3.0,78334.2128029711
AsstProf,A,Female,22.0,21.0,54065.2010658719
Prof,A,Male,27.0,25.0,87831.16983614807
AssocProf,B,Male,14.0,6.0,81691.90097543245
AssocProf,A,Male,23.0,15.0,35782.82999216711
AsstProf,B,Female,19.0,14.0,85149.77671484099
Prof,A,Male,45.0,41.0,111297.13483877957
AsstProf,B,Male,14.0,11.0,66360.4946193701
AssocProf,A,Male,32.0,25.0,48643.735741620665
AsstProf,A,Male,20.0,7.0,44322.46893103706
AsstProf,A,Female,19.0,17.0,101403.91139759932
Prof,A,Female,26.0,11.0,95084.5028446011
AssocProf,B,Male,28.0,17.0,110638.64247190226
AssocProf,B,Male,31.0,26.0,90642.96567761531
AssocProf,A,Male,23.0,12.0,61847.622570872154
Prof,B,Male,15.0,15.0,100972.61681300998
AsstProf,A,Male,15.0,17.0,80604.88294347972
AssocProf,A,Female,25.0,24.0,98613.72154135742
Prof,A,Male,25.0,20.0,93787.5606414233
AssocProf,A,Female,33.0,28.0,64342.58629415225
AssocProf,A,Female,24.0,20.0,87809.2277662868
Prof,B,Male,30.0,23.0,131804.10048048318
Prof,B,Male,34.0,38.0,156639.29721081076
AsstProf,A,Male,21.0,12.0,57097.39990951579
Prof,B,Male,7.0,7.0,131241.24175065118
AsstProf,B,Female,9.0,5.0,59763.296541050004
Prof,A,Female,7.0,2.0,151406.05114898284
Prof,A,Male,34.0,33.0,95893.86537881143
AsstProf,B,Male,12.0,12.0,36936.59347268642
AssocProf,A,Female,31.0,29.0,65936.24761732669
Prof,B,Male,25.0,18.0,123050.24881996022
AsstProf,A,Male,35.0,25.0,102880.28722611224
AssocProf,B,Female,29.0,19.0,79861.24638309263
Prof,A,Male,19.0,17.0,108692.41260544228
AssocProf,A,Female,18.0,15.0,78841.89969443006
Prof,A,Male,21.0,19.0,137552.87229597068
AsstProf,B,Female,22.0,13.0,84061.86694056966
AsstProf,A,Male,15.0,18.0,80070.60208458191
AssocProf,B,Male,20.0,7.0,92565.52258509767
AsstProf,A,Male,34.0,29.0,60627.76397428468
AsstProf,A,Male,5.0,2.0,65235.97995583942
Prof,A,Female,22.0,13.0,116716.12981942139
AssocProf,A,Female,12.0,0.0,55751.55655708442
AsstProf,A,Male,22.0,13.0,89246.25358002979
AsstProf,B,Male,28.0,16.0,58138.83545197293
Prof,B,Female,19.0,11.0,150681.04060591478
AssocProf,A,Female,27.0,14.0,90499.54792424242
Prof,A,Male,6.0,0.0,108645.11335456246
AssocProf,A,Male,30.0,23.0,52982.00174547269
AssocProf,B,Female,15.0,1.0,83244.34845808575
Prof,A,Male,26.0,18.0,120589.94384391353
Prof,B,Male,22.0,15.0,138815.05190855078
AssocProf,B,Male,0.0,0.0,81364.54134371692
AssocProf,B,Male,13.0,7.0,97458.45405053475
Prof,B,Male,22.0,11.0,117326.17770350556
AssocProf,B,Female,34.0,34.0,85582.37517300044
Prof,A,Female,23.0,13.0,88489.77540434987
AsstProf,A,Male,22.0,13.0,81145.27985907321
AssocProf,A,Male,7.0,0.0,68597.17253512856
AssocProf,A,Male,33.0,37.0,54119.66481085492
Prof,A,Male,36.0,30.0,132427.76353694647
AsstProf,A,Male,20.0,10.0,80247.47067833712
Prof,B,Female,18.0,15.0,76464.90364860679
AssocProf,A,Male,5.0,0.0,65517.89846881249
Prof,A,Female,28.0,33.0,83529.56805889985
AssocProf,A,Male,44.0,34.0,87959.87774043041
Prof,A,Female,26.0,22.0,158763.3468122867
AsstProf,B,Male,31.0,20.0,73386.39680712382
AssocProf,A,Male,25.0,27.0,63582.42474503473
AsstProf,A,Male,11.0,1.0,62921.395669645244
AsstProf,A,Female,32.0,26.0,76474.63601996403
AsstProf,A,Male,9.0,0.0,78481.88228095847
Prof,A,Male,18.0,16.0,132049.49085772544
Prof,A,Female,23.0,19.0,96066.41597903988
AsstProf,A,Female,28.0,10.0,104049.42661282491
AssocProf,A,Female,24.0,21.0,51632.75059121501
AssocProf,B,Male,23.0,20.0,83547.59658865999
AssocProf,A,Male,13.0,7.0,86454.37951238034
AssocProf,B,Male,8.0,6.0,90317.57729116397
AsstProf,A,Female,21.0,8.0,56185.65106220969
Prof,A,Male,14.0,0.0,101845.37489715857
AssocProf,B,Female,8.0,5.0,73438.04375083843
AssocProf,A,Male,9.0,11.0,60678.95293973368
AssocProf,B,Male,16.0,3.0,103725.15846973725
AsstProf,B,Male,3.0,0.0,54507.39412496769
AsstProf,B,Male,8.0,0.0,88760.62708302937
AssocProf,A,Male,5.0,0.0,75779.50377911166
Prof,B,Female,22.0,19.0,137369.19699883883
Prof,B,Male,24.0,18.0,133433.51402024378
Prof,B,Female,38.0,38.0,153849.7261837585
AsstProf,A,Male,7.0,7.0,71260.55018059222
Prof,B,Male,14.0,2.0,142945.26640207937
Prof,B,Male,28.0,24.0,134383.8370886926
Prof,A,Male,18.0,0.0,148836.03098910928
AssocProf,A,Female,17.0,10.0,35843.514687868286
Prof,A,Male,35.0,31.0,133597.95438814716
AsstProf,B,Male,17.0,6.0,77461.4460634381
AsstProf,B,Male,10.0,0.0,76347.09651214504
AsstProf,B,Male,8.0,0.0,62909.41862192461
AsstProf,B,Female,23.0,22.0,47763.48157587714
AsstProf,B,Female,23.0,14.0,78365.89274396386
AsstProf,B,Male,8.0,0.0,67988.72042868013
AssocProf,B,Female,11.0,6.0,91735.13163029251
AsstProf,B,Male,25.0,22.0,52139.275487126426
AssocProf,B,Male,25.0,13.0,108729.03723179421
AsstProf,A,Male,14.0,6.0,71494.80917785858
AssocProf,A,Male,26.0,25.0,59257.751552445814
AsstProf,A,Male,25.0,20.0,52830.379714653885
AsstProf,B,Female,4.0,1.0,67430.27300185569
Prof,B,Male,17.0,9.0,105378.43103682893
AssocProf,A,Female,24.0,16.0,61001.50695167101
Prof,B,Male,15.0,2.0,128148.90746810118
AssocProf,B,Male,1.0,0.0,73527.45791001512
AssocProf,A,Male,17.0,18.0,36939.21827151383
AsstProf,A,Male,27.0,18.0,62815.091661213446
AssocProf,A,Female,34.0,23.0,56562.707523932535
AsstProf,A,Male,0.0,0.0,65077.879331117394
Prof,A,Female,44.0,32.0,152083.73375367408
Prof,A,Female,10.0,6.0,124570.40849403887
Prof,B,Female,29.0,27.0,121483.84110120116
AsstProf,A,Male,31.0,19.0,39952.10287745908
AsstProf,B,Male,29.0,27.0,52854.96244378187
AsstProf,B,Female,21.0,25.0,48558.98014143758
AsstProf,B,Female,10.0,0.0,98267.43234121508
AssocProf,A,Female,26.0,23.0,54708.75169920792
Prof,A,Female,14.0,9.0,115086.80466423645
AsstProf,B,Female,0.0,0.0,68803.74471423683
Prof,A,Male,45.0,45.0,110641.53775372314
Prof,A,Male,26.0,25.0,133950.18835601019
AsstProf,B,Male,36.0,31.0,67710.97322188722
Prof,B,Female,12.0,3.0,123662.80389389349
Prof,A,Male,33.0,37.0,92085.80959605545
AsstProf,A,Female,34.0,23.0,88382.34826334799
AssocProf,B,Male,34.0,33.0,59577.09058154372
AssocProf,A,Male,20.0,18.0,43566.30159883863
AssocProf,B,Male,9.0,0.0,55902.066619710764
AsstProf,A,Female,18.0,11.0,44727.47674457558
AssocProf,B,Male,0.0,1.0,84196.09809608472
AssocProf,A,Female,5.0,0.0,114844.25036279234
Prof,A,Male,21.0,18.0,91563.22630467471
Prof,A,Male,11.0,3.0,128607.82481951344
AsstProf,B,Male,19.0,11.0,85319.92675010268
Prof,B,Male,19.0,5.0,108843.59380746438
Prof,A,Male,37.0,32.0,106099.40809951421
Prof,A,Female,32.0,20.0,113847.49983792583
AsstProf,B,Female,20.0,17.0,69807.3659507742
AsstProf,B,Male,31.0,18.0,118430.92372682592
AssocProf,A,Female,13.0,10.0,33649.829746171235
AsstProf,B,Female,17.0,12.0,89938.65606736737
AssocProf,A,Male,28.0,12.0,76967.44065140691
Prof,B,Female,9.0,0.0,119246.90843212864
AssocProf,A,Female,17.0,9.0,73211.05157675687
AsstProf,B,Female,8.0,0.0,99956.88943652625
AssocProf,B,Female,21.0,12.0,87909.23243791415
AssocProf,B,Male,35.0,32.0,86551.85580573224
AsstProf,A,Male,13.0,2.0,80472.41479889836
AssocProf,B,Female,22.0,21.0,44782.99217250214
AsstProf,B,Female,12.0,0.0,112850.80625848955
AssocProf,A,Male,10.0,0.0,108409.471461939
Prof,A,Male,9.0,5.0,127134.3109668936
AssocProf,B,Male,33.0,29.0,97685.96338912837
AssocProf,B,Female,41.0,33.0,60131.55440829982
AssocProf,A,Male,24.0,17.0,64388.289366757366
AsstProf,B,Male,14.0,12.0,63103.21137246744
AsstProf,A,Male,26.0,16.0,57470.503313878406
AsstProf,A,Male,17.0,20.0,78846.66436139782
AssocProf,B,Male,27.0,22.0,65209.789429673365
AsstProf,A,Male,23.0,18.0,63178.17673148591
Prof,A,Female,23.0,17.0,80445.54701512941
AssocProf,A,Male,25.0,16.0,64668.223965699726
AsstProf,A,Male,15.0,14.0,64900.30167794149
AsstProf,A,Male,16.0,6.0,54953.77625350286
Prof,A,Female,5.0,0.0,100642.03761012034
AsstProf,A,Male,16.0,12.0,98715.61194770425
AsstProf,A,Male,7.0,7.0,40704.60285371114
AsstProf,A,Male,19.0,18.0,44528.89322779304
AsstProf,A,Male,11.0,2.0,52397.8114445713
Prof,B,Male,21.0,19.0,144578.74240706814
AsstProf,B,Female,24.0,17.0,122147.7639887912
AsstProf,A,Male,7.0,0.0,71819.16533142842
Prof,B,Male,13.0,1.0,114568.27571307086
AssocProf,A,Male,12.0,0.0,60740.81749947739
AsstProf,A,Male,27.0,21.0,85326.62171470796
AssocProf,A,Male,35.0,33.0,48160.778179568944
Prof,B,Male,28.0,16.0,154233.03929000098
AssocProf,A,Female,17.0,8.0,96498.40731588901
Prof,B,Male,33.0,20.0,130023.7442725257
AsstProf,A,Female,6.0,0.0,80750.33944756752
Prof,B,Male,33.0,20.0,142255.4270609663
Prof,B,Male,14.0,3.0,155015.78209087224
Prof,B,Male,0.0,0.0,102273.86852394152
AssocProf,A,Male,44.0,34.0,90021.68370928854
AssocProf,A,Female,34.0,25.0,64925.89597050423
AsstProf,A,Male,11.0,3.0,52660.302295640366
AssocProf,B,Male,22.0,14.0,82768.10377350803
Prof,A,Female,18.0,6.0,113621.8028414391
AsstProf,A,Male,21.0,17.0,47185.12638918117
AsstProf,B,Female,7.0,0.0,54888.05229356925
AssocProf,A,Male,14.0,8.0,48682.291837766155
Prof,A,Female,24.0,12.0,143862.4300619296
Prof,B,Male,22.0,15.0,160766.25106204848
AsstProf,A,Female,31.0,25.0,81822.0960284341
AsstProf,A,Male,21.0,4.0,92546.65836840885
Prof,A,Male,41.0,36.0,101937.00661937267
AssocProf,A,Male,14.0,13.0,61851.2698485281
Prof,A,Male,22.0,19.0,114609.7651810399
Prof,B,Male,3.0,0.0,103296.78747169471
Prof,B,Female,9.0,0.0,111861.00499651376
Prof,B,Male,32.0,24.0,128069.19152069342
Prof,B,Male,12.0,0.0,121674.5293156605
AssocProf,A,Female,25.0,23.0,48815.97796829404
AssocProf,B,Male,19.0,10.0,88237.57832691308
AsstProf,B,Male,11.0,1.0,76700.97259142614
Prof,B,Female,17.0,1.0,151744.37111547193
Prof,B,Male,15.0,11.0,123626.7401672793
Prof,B,Female,16.0,6.0,125034.48373584729
AssocProf,A,Male,27.0,18.0,69898.11732425648
AssocProf,B,Female,26.0,24.0,78904.29782801987
AssocProf,A,Female,15.0,8.0,57935.17114155467
AsstProf,A,Male,12.0,6.0,58324.79045652324
Prof,B,Male,23.0,28.0,133209.5427557744
AssocProf,B,Female,19.0,9.0,97197.3009023815
AssocProf,A,Male,29.0,19.0,91312.10056855365
AssocProf,A,Female,44.0,39.0,39686.10902096554
Prof,B,Male,28.0,28.0,115244.3677793804
AssocProf,A,Male,20.0,6.0,62257.64378911402
Prof,A,Male,18.0,10.0,114851.90522154026
Prof,A,Female,12.0,0.0,109101.16935780231
AssocProf,A,Male,12.0,0.0,59202.70586208323
AsstProf,B,Male,11.0,7.0,92653.54862222238
Prof,B,Male,16.0,5.0,130325.57527604973
Prof,A,Male,16.0,10.0,89725.44759536674
AsstProf,B,Female,27.0,20.0,108461.11378079206
Prof,B,Male,16.0,9.0,143141.53690555503
Prof,A,Male,18.0,11.0,100948.72635696303
Prof,A,Male,9.0,0.0,126843.04747754813
AsstProf,A,Male,35.0,27.0,54207.06168084509
AsstProf,B,Male,25.0,19.0,100342.57138834767
Prof,B,Female,36.0,30.0,125399.03767841324
AsstProf,A,Male,27.0,18.0,53148.836882391966
AsstProf,A,Female,33.0,30.0,62044.12087529886
AssocProf,A,Female,18.0,14.0,54855.05333129423
AssocProf,A,Male,26.0,19.0,70058.51392786748
Prof,B,Male,44.0,40.0,128031.8942072817
AsstProf,A,Male,9.0,3.0,66084.45337500727
Prof,A,Male,31.0,27.0,100340.9219780899
AsstProf,A,Female,35.0,18.0,9660.527416277735
Prof,A,Female,24.0,10.0,120351.04107580922
AsstProf,B,Male,27.0,18.0,47467.78119713538
AssocProf,A,Male,32.0,25.0,71235.3903282421
AsstProf,A,Male,14.0,0.0,89834.28731500039
AsstProf,A,Male,24.0,15.0,72409.94149452503
AsstProf,B,Male,12.0,5.0,73030.1412908836
Prof,B,Male,14.0,5.0,122842.20313057247
AssocProf,A,Female,14.0,5.0,68484.87271555608
AsstProf,B,Female,19.0,5.0,77593.65073238905
Prof,A,Male,21.0,14.0,100891.78911593798
Prof,B,Male,24.0,7.0,113689.8726371691
Prof,A,Male,7.0,4.0,130306.92043994756
AsstProf,B,Female,38.0,28.0,86040.04108261382
AssocProf,A,Male,31.0,29.0,81612.88512248764
AsstProf,A,Male,27.0,11.0,66459.08123419153
AsstProf,B,Male,17.0,12.0,80579.01950115954
AsstProf,A,Male,19.0,12.0,63253.11236329675
AssocProf,A,Male,25.0,13.0,77291.04899049003
AsstProf,A,Male,24.0,11.0,84279.4417507675
AsstProf,A,Male,5.0,4.0,67194.68318334076
Prof,A,Male,27.0,22.0,98551.30902456316
AssocProf,A,Male,47.0,45.0,51000.831114905624
AsstProf,A,Male,3.0,0.0,93625.06968221406
AssocProf,A,Male,29.0,23.0,61199.32184014517
AsstProf,A,Male,23.0,18.0,60280.16129537716
AssocProf,B,Male,19.0,15.0,105250.13334215233
AsstProf,A,Male,33.0,28.0,85501.50078294578
AssocProf,A,Female,9.0,6.0,77409.0828827409
AssocProf,A,Female,22.0,12.0,64490.86236253936
AssocProf,B,Male,34.0,19.0,127117.55665607573
AssocProf,A,Female,18.0,21.0,72353.52817697937
Prof,A,Male,16.0,10.0,120565.73861548668
Prof,B,Male,21.0,16.0,121360.08963001987
AsstProf,A,Male,16.0,7.0,41702.46602460048
AsstProf,B,Female,34.0,32.0,58294.28282957233
AsstProf,B,Male,12.0,6.0,86885.60745125794
Prof,A,Female,28.0,26.0,120132.92974218485
Prof,B,Male,8.0,0.0,121040.03016851125
AsstProf,A,Male,26.0,19.0,45509.6917298089
Prof,A,Female,19.0,13.0,88690.15847391645
AsstProf,A,Female,0.0,0.0,60098.688042158006
AssocProf,B,Male,20.0,14.0,53669.69722431456
AssocProf,B,Male,10.0,11.0,92300.47604706151
Prof,A,Female,16.0,6.0,137187.96607240103
AsstProf,B,Male,34.0,26.0,132322.61493567956
AsstProf,A,Female,10.0,4.0,85089.714131214
AssocProf,A,Male,10.0,0.0,56728.70711244545
AsstProf,B,Male,33.0,20.0,68070.03025370825
AsstProf,B,Male,21.0,19.0,15868.894399327146
AssocProf,A,Male,34.0,31.0,54291.99550696574
Prof,B,Female,23.0,8.0,129934.47020909018
Prof,A,Male,12.0,0.0,130860.53062663025
Prof,A,Male,19.0,16.0,120408.80275736621
Prof,A,Male,31.0,30.0,119510.29532683584
Prof,B,Female,29.0,25.0,131925.29685787988
Prof,A,Male,20.0,15.0,122296.38054778524
Prof,B,Male,20.0,21.0,147576.80002635147
Prof,B,Male,19.0,12.0,106152.21600077215
AsstProf,A,Female,15.0,14.0,58848.593074874945
AsstProf,B,Male,38.0,37.0,53206.43183334178
Prof,A,Male,20.0,8.0,142895.88557821803
AsstProf,B,Male,10.0,6.0,101863.64421810478
Prof,B,Female,16.0,9.0,142541.11494265407
AssocProf,B,Female,27.0,17.0,64306.07444857282
